the_following_sources_are_not_included_in_the_joint_child_malnutrition_estimates_database,unnamed_1,unnamed_2,unnamed_3,unnamed_4,unnamed_5,unnamed_6,unnamed_7,unnamed_8,unnamed_9,unnamed_10,unnamed_11,unnamed_12
"For further details, please contact",,,,,,,,,,,,
sdg2.2@unicef.org,,,,,,,,,,,,
nfsdata@who.int,,,,,,,,,,,,
,,,,,,,,,,,,
ISO code,Country or areas,Survey year(s),Short Source,Report Author,Source,WHO Global Database Number,UNICEF Survey ID,Severe Wasting,Wasting,Overweight,Stunting,Underweight
AFG,AFGHANISTAN,2010-2011,MICS,"Central Statistics Organization - Government of the Islamic Republic of Afghanistan, UNICEF",Afghanistan Multiple Indicator Cluster Survey  2010-2011: Final Report. Kabul: Central Statistics Organisation (CSO) and UNICEF,03625,824,x,x,x,x,x
ALB,ALBANIA,1996-1998,NNS,"Food and Nutrition Section, Institute of Public Health, Albania",National study on nutrition in Albania. 1999,01954,4,x,x,x,x,x
ALB,ALBANIA,2000,MICS,National Institute of Statistics (Albania) and UNICEF Albania.,"Multiple indicator cluster survey report Albania (MICS). Committee on Women and Family, Institute of Public Health, Faculty of Social Sciences and UNICEF (Albania). Tirana, Albania: UNICEF, 2000",02361,5,x,x,x,x,x
ALB,ALBANIA,2002,LSMS,"National Institute of Statistics (Albania), World Bank (WB)","Albania Living Standards Measurement Survey 2002. Washington DC, United States: World Bank (WB)",03775,918,x,x,x,x,x
ALB,ALBANIA,2003,LSMS,INSTAT; World Bank,Albania 2003 Living Standards Measurement Survey - Wave 2,03776,919,x,x,x,x,x
ALB,ALBANIA,2010,Other,"National Institute of Statistics and the Institute of Public Health, Albania",Albania Baseline Nutrition and Food Security Survey (BNFS) 2010,03785,863,x,x,x,x,x
AGO,ANGOLA,2001,MICS,"National Institute of Statistics, Government of Unity and National Reconciliation, Republic of Angola",Assessing the Situation of Angolan Children and Women at the Beginning of the Millenium - Analytic Report,03851,825,x,x,x,x,x
ARG,ARGENTINA,2019-2020,MICS,UNICEF - SIEMPRO,"Encuesta Nacional de Niñas, Niños y Adolescentes (MICS) 2019-2020, Informe de resultados de la encuesta. Buenos Aires, Argentina: UNICEF.",03927,3304,x,x,x,x,x
BHR,BAHRAIN,2020,Surveillance,"Mother & Child Health Services, Primary Healthcare Centres, Bahrain",Bahrain 2020 National Primary Care Monitoring System,10731,9260,x,x,x,x,x
BHR,BAHRAIN,2021,Surveillance,"Mother & Child Health Services, Primary Healthcare Centres, Bahrain",Bahrain 2021 National Primary Care Monitoring System,10732,9261,x,x,x,x,x
BHR,BAHRAIN,2022,Surveillance,"Mother & Child Health Services, Primary Healthcare Centres, Bahrain",Bahrain 2022 National Primary Care Monitoring System,10361,9133,x,x,x,x,x
BHR,BAHRAIN,2023,Surveillance,"Mother & Child Health Services, Primary Healthcare Centres, Bahrain",Bahrain 2023 National Primary Care Monitoring System,10733,9262,x,x,x,x,x
BGD,BANGLADESH,2017-2018,NNS,"Institute of Nutrition and Food Science, University of Dhaka",Nutrition Survey of Bangladesh 2017-18,10331,9134,x,x,x,x,x
BRB,BARBADOS,2016-2017,Other,Barbados Statistical Service,Barbados Survey of Living Conditions 2016-2017,03626,2545,x,x,x,x,x
BEN,BENIN,2006,DHS,Institut National de la Statistique et de l'Analyse Économique (INSAE) [Bénin] et Macro International Inc.,"Enquête démographique et de santé (EDSB-III) - Bénin 2006. Demographic and Health Surveys. Calverton, Maryland, USA : Institut National de la Statistique et de l'Analyse Économique et Macro International Inc., 2007",02886,63,x,x,x,x,x
BEN,BENIN,2011,SMART,l’Institut National de la Statistique et de l’Analyse Economique (INSAE),Situation Nutritionnelle des Enfants de 6 à 59 Mois et des Femmes de 15 à 49 Ans,03627,832,x,x,x,x,x
BEN,BENIN,2011-2012,DHS,"Ministère du Développement, de l’Analyse Économique et de la Prospective Institut National de la Statistique et de l’Analyse Économique (INSAE) Cotonou, Bénin ; ICF International Calverton, Maryland, USA",Enquête Démographique et de Santé (EDSB-IV) 2011-2012,04131,833,x,x,x,x,x
BTN,BHUTAN,2015,NNS,"Nutrition Programme, Department of Public Health, Ministry of Health","National Nutrition Survey 2015, Nutrition Programme Department of Public Health Ministry of Health Bhutan",03628,849,x,x,x,x,x
BWA,BOTSWANA,1978-1979,Other,German Development Institute,"Integrated rural development planning with emphasis on nutritional basic needs for Serowe district, Botswana. Berlin: German Development Institute, 1979",00099,9263,x,x,x,x,x
BWA,BOTSWANA,2009-2010,CWIQ,Statistics Botwana,Botswana 2009-10 Core Welfare Indicators Survey,04242,898,x,x,x,x,x
BWA,BOTSWANA,2017,Other,Statistics Botswana,Botswana 2017 Demographic Survey,03629,2650,x,x,x,x,x
BRA,BRAZIL,1986,DHS,"Sociedade Civil Bem-Estar Familiar no Brasil - BEMFAM, Pesquisas Demograficas e de Saúde, and Institute for Resource Development/Macro Systems","Pesquisa Nacional Sobre Saúde Materno-Infantile Planejamento Familiar Brasil 1986. Rio de Janeiro, Brasil: BEMFAM, Pesquisas Demograficas e de Saúde, and the Institute for Resource Development/Macro Systems.",04247,975,x,x,x,x,x
BRA,BRAZIL,1996-1997,LSMS,"Brazilian Institute of Geography and Statistics (IBGE), World Bank (WB)","Brazil Living Standards Measurement Survey 1996-1997. Washington DC, United States: World Bank (WB).",04251,1377,x,x,x,x,x
BRA,BRAZIL,2002-2003,Other,"Laboratório de Avaliaçao Nutricional de Populaçoes, Universidade de Sao Paulo (LANPOP-USP).","Pesquisa de orçamentos familiares (POF - 2002-03). Rio de Janeiro, Brazil, 2007",02779,87,x,x,x,x,x
BRA,BRAZIL,2008-2009,Other,"Laboratório de Avaliaçao Nutricional de Populaçoes, Universidade de Sao Paulo (LANPOP-USP).","Pesquisa de orçamentos familiares (POF - 2008-09), Brasil",04253,4023,x,x,x,x,x
BRA,BRAZIL,2014,Surveillance,Ministério da Saúde,Sistema de Vigilância Alimentar e Nutricional - SISVAN 2014,04257,834,x,x,x,x,x
BRA,BRAZIL,2016,Surveillance,Ministério da Saúde,Sistema de Vigilância Alimentar e Nutricional - SISVAN 2016,03630,2664,x,x,x,x,x
BRA,BRAZIL,2017,Surveillance,Ministério da Saúde,Sistema de Vigilância Alimentar e Nutricional - SISVAN 2017,03631,2665,x,x,x,x,x
BGR,BULGARIA,2020,Other,National Center of Public Health and Analises,National Survey on Risk Factors for Population's Health in Bulgaria 2020,11538,9264,x,x,x,x,x
BFA,BURKINA FASO,2003,DHS,Institut National de la Statistique et de le Démographie (INSD) et ORC Macro.,"Enquête démographique et de santé du Burkina Faso 2003. Demographic and Health Surveys. Calverton, Maryland, USA: INSD et ORC Macro, 2004",02626,93,x,x,x,x,x
BFA,BURKINA FASO,2003,CWIQ,"National Institute of Statistics and Demography (Burkina Faso), World Bank",Enquête Burkinabè sur les Conditions de vie des Ménages 2003 (EBCVM 2003),04301,1914,x,x,x,x,x
BFA,BURKINA FASO,2006,MICS,Institut National de la Statistique et de la Démographie et UNICEF.,"Burkina Faso, suivi de la situation des enfants et des femmes. Enquête par grappes à indicateurs multiples 2006.  Burkina Faso, 2008",02918,94,x,x,x,x,x
BFA,BURKINA FASO,2007,CWIQ,National Institute of Statistics and Demography (INSD),"Burkina Faso Core Welfare Indicators Questionnaire Survey 2007. Ouagadougou, Burkina Faso: National Institute of Statistics and Demography (INSD), 2008.",03632,1912,x,x,x,x,x
BFA,BURKINA FASO,2008,Other,"Ministère de l’Agriculture, de l’Hydraulique et des Ressources Halieutiques","Enquête Nationale sur l’Insécurité Alimentaire et la Malnutrition (ENIAM), Burkina Faso 2008",10181,9265,x,x,x,x,x
BFA,BURKINA FASO,2014,LSMS,INSD,"Rapport Enquete Multisectorielle continue (EMC), Burkina Faso 2014",03633,976,x,x,x,x,x
BFA,BURKINA FASO,2022,SMART,INSTEEBU,"Enquete Nationale du Nutrition, Burkina Faso 2022",09843,8952,x,x,x,x,x
KHM,CAMBODIA,2009,Other,"National Institute of Statistics (Cambodia), Statistics Sweden","Cambodia Socio-Economic Survey 2009. Phnom Penh, Cambodia: National Institute of Statistics (Cambodia).",03634,1464,x,x,x,x,x
CMR,CAMEROON,1990,Other,"Mendoza Aldana J, Piechulek H.",Situation nutritionnelle des enfants de 0 à 59 mois en zone urbaine et rurale du Cameroun. Bulletin of the World Health Organization 1992;70:725-732.,00368,9266,x,x,x,x,x
TCD,CHAD,2016,SMART,"Direction de la Nutrition et de Technologie Alimentaire Octobre, Ministère de la Santé Publique","Rapport Final de l’Enquête Nationale de Nutrition et de Mortalité Rétrospective (SMART TCHAD 2016) -Août - Septembre, 2016",03635,2453,x,x,x,x,x
CHL,CHILE,2010,Other,El Ministerio de Desarrollo Social,"Chile 2010 Encuesta Longitudinal de Primera Infancia (ELPI), Primera Ronda",04498,4421,x,x,x,x,x
CHL,CHILE,2012,Other,El Ministerio de Desarrollo Social,"Chile 2012 Encuesta Longitudinal de Primera Infancia (ELPI), Segunda Ronda",04502,4422,x,x,x,x,x
CHL,CHILE,2016,Surveillance,"Ministerio de Salud, Departamento de Alimentos y Nutricion, Departamento de Estadistica e Informacion (DEIS/Minsal).",Vigilancia del estado nutricional de la poblacion bajo control y de la lactancia materna en el sistema publico de salud de chile. 2016,04509,2668,x,x,x,x,x
CHL,CHILE,2017,Surveillance,"Ministerio de Salud, Departamento de Alimentos y Nutricion, Departamento de Estadistica e Informacion (DEIS/Minsal).",Vigilancia del estado nutricional de la poblacion bajo control y de la lactancia materna en el sistema publico de salud de chile. 2017,04511,2667,x,x,x,x,x
CHL,CHILE,2017-2018,Other,El Ministerio de Desarrollo Social,"Chile 2017-2018 Encuesta Longitudinal de Primera Infancia (ELPI), Tercera Ronda",04513,4423,x,x,x,x,x
CHL,CHILE,2018,Surveillance,"Ministerio de Salud, Departamento de Alimentos y Nutricion, Departamento de Estadistica e Informacion (DEIS/Minsal).",Vigilancia del estado nutricional de la poblacion bajo control y de la lactancia materna en el sistema publico de salud de chile. 2018,04514,3832,x,x,x,x,x
CHL,CHILE,2019,Surveillance,"Ministerio de Salud, Subsecretaria de Salud Pública, División Políticas Públicas Saludables y Promoción","Vigilancia del Estado Nutricional de la Población Bajo Control y de la Lactancia Materna en el Sistema Público De Salud De Chile. Diciembre 2019. Ministerio de Salud, Subsecretaria de Salud Pública, División Políticas Públicas Saludables y Promoción",03078,8882,x,x,x,x,x
CHL,CHILE,2020,Surveillance,"Ministerio de Salud, Subsecretaria de Salud Pública, División Políticas Públicas Saludables y Promoción","Vigilancia del Estado Nutricional de la Población Bajo Control y de la Lactancia Materna en el Sistema Público De Salud De Chile. Diciembre 2020. Ministerio de Salud, Subsecretaria de Salud Pública, División Políticas Públicas Saludables y Promoción",00001,8883,x,x,x,x,x
CHN,CHINA,1989-1990,Other,"Carolina Population Center, University of North Carolina at Chapel Hill, Chinese Center for Disease Control and Prevention (CCDC)","China Health and Nutrition Survey 1989. Chapel Hill, United States of America: Carolina Population Center, University of North Carolina at Chapel Hill.",08271,5717,x,x,x,x,x
CHN,CHINA,1991,Other,"Carolina Population Center, University of North Carolina at Chapel Hill, Chinese Center for Disease Control and Prevention (CCDC)","China Health and Nutrition Survey 1991. Chapel Hill, United States of America: Carolina Population Center, University of North Carolina at Chapel Hill.",08272,5718,x,x,x,x,x
CHN,CHINA,1993,Other,"Carolina Population Center, University of North Carolina at Chapel Hill, Chinese Center for Disease Control and Prevention (CCDC)","China Health and Nutrition Survey 1993. Chapel Hill, United States of America: Carolina Population Center, University of North Carolina at Chapel Hill",08273,5719,x,x,x,x,x
CHN,CHINA,1997,Other,"Carolina Population Center, University of North Carolina at Chapel Hill, Chinese Center for Disease Control and Prevention (CCDC)","China Health and Nutrition Survey 1997. Chapel Hill, United States of America: Carolina Population Center, University of North Carolina at Chapel Hill",08274,5720,x,x,x,x,x
CHN,CHINA,2000,Other,"Carolina Population Center, University of North Carolina at Chapel Hill, Chinese Center for Disease Control and Prevention (CCDC)","China Health and Nutrition Survey 2000. Chapel Hill, United States of America: Carolina Population Center, University of North Carolina at Chapel Hill.",08275,5721,x,x,x,x,x
CHN,CHINA,2004,Other,"Carolina Population Center, University of North Carolina at Chapel Hill, Chinese Center for Disease Control and Prevention (CCDC)","China Health and Nutrition Survey 2004. Chapel Hill, United States of America: Carolina Population Center, University of North Carolina at Chapel Hill.",08276,5722,x,x,x,x,x
CHN,CHINA,2006,Other,"Carolina Population Center, University of North Carolina at Chapel Hill, Chinese Center for Disease Control and Prevention (CCDC)","China Health and Nutrition Survey 2006. Chapel Hill, United States of America: Carolina Population Center, University of North Carolina at Chapel Hill.",08277,5723,x,x,x,x,x
CHN,CHINA,2009,Other,"Carolina Population Center, University of North Carolina at Chapel Hill, Chinese Center for Disease Control and Prevention (CCDC)","China Health and Nutrition Survey 2009. Chapel Hill, United States of America: Carolina Population Center, University of North Carolina at Chapel Hill.",08278,5724,x,x,x,x,x
CHN,CHINA,2011,Other,"Carolina Population Center, University of North Carolina at Chapel Hill, Chinese Center for Disease Control and Prevention (CCDC)","China Health and Nutrition Survey 2011. Chapel Hill, United States of America: Carolina Population Center, University of North Carolina at Chapel Hill.",08279,5725,x,x,x,x,x
CHN,CHINA,2015-2016,Other,"Carolina Population Center, University of North Carolina at Chapel Hill, Chinese Center for Disease Control and Prevention (CCDC)","China 2015-16 Health and Nutrition Survey. Chapel Hill, United States: Carolina Population Center, University of North Carolina at Chapel Hill.",04537,2229,x,x,x,x,x
HKG,"CHINA, HONG KONG SPECIAL ADMINISTRATIVE REGION",2016,Other,"Family Health Service, Department of Health",A Survey of Young Child Feeding in Hong Kong (2016),09563,7024,x,x,x,x,x
COM,COMOROS,2004,Other,Direction de la Statistique,"Enquête Intégrale auprès des Ménages, Comoros 2004",08501,5950,x,x,x,x,x
HRV,CROATIA,2015,Surveillance,Ministry of Health,"Nutritional status of children under five years of age and pregnant women who access centinels establishments - Statistical Department of the MoH, [2015 Extract]",11312,9267,x,x,x,x,x
HRV,CROATIA,2016,Surveillance,Ministry of Health,"Nutritional status of children under five years of age and pregnant women who access centinels establishments - Statistical Department of the MoH, [2016 Extract]",11317,9268,x,x,x,x,x
HRV,CROATIA,2017,Surveillance,Milivoj Jovančević; Dragica Šakić; Vesna Školnik-Popović; Giovana Armano; Sonja Oković,Rezultati mjerenja indeksa tjelesne mase djece u dobi između 2 i 8 godina u Republici Hrvatskoj,11292,9270,x,x,x,x,x
HRV,CROATIA,2017,Surveillance,Ministry of Health,"Nutritional status of children under five years of age and pregnant women who access centinels establishments - Statistical Department of the MoH, [2017 Extract]",11318,9269,x,x,x,x,x
HRV,CROATIA,2018,Surveillance,Ministry of Health,"Nutritional status of children under five years of age and pregnant women who access centinels establishments - Statistical Department of the MoH, [2018 Extract]",11313,9271,x,x,x,x,x
HRV,CROATIA,2019,Surveillance,Ministry of Health,"Nutritional status of children under five years of age and pregnant women who access centinels establishments - Statistical Department of the MoH, [2019 Extract]",11314,9272,x,x,x,x,x
HRV,CROATIA,2019-2022,NNS,Croatian Agency for Agriculture and Food,Croatia 2019-2022 National Food Consumption Survey on Children,09957,9064,x,x,x,x,x
HRV,CROATIA,2020,Surveillance,Ministry of Health,"Nutritional status of children under five years of age and pregnant women who access centinels establishments - Statistical Department of the MoH, [2020 Extract]",11315,9273,x,x,x,x,x
HRV,CROATIA,2021,Surveillance,Ministry of Health,"Nutritional status of children under five years of age and pregnant women who access centinels establishments - Statistical Department of the MoH, [2021 Extract]",11316,9274,x,x,x,x,x
CUB,CUBA,2014,MICS,"Dirección de Registros Médicos y Estadísticas de Salud, Ministerio de Salud Pública","Encuesta de Indicadores Múltiples por Conglomerados, Cuba 2014",03636,850,x,x,x,x,x
CYP,CYPRUS,2019,Other,Cyprus Statistical Service,Cyprus European Health Interview Survey 2019,09834,9275,x,x,x,x,x
CIV,CôTE D’IVOIRE,2006,MICS,Institut National de la Statistique (INS) [Côte d'Ivoire].,"Enquête à indicateurs multiples, Côte d'Ivoire 2006, Rapport final, Abidjan, Côte d'Ivoire : INS, 2007",02854,178,x,x,x,x,x
DJI,DJIBOUTI,2002,PAPFAM,"Department of Statistics and Demographic Studies, Ministry of Health and Pan Arab Project for Family Health.","Enquête djiboutienne sur la santé de la famille (EDSF/PAPFAM) 2002, PAPFAM Rapport final. Djibouti, 2004.",02898,197,x,x,x,x,x
DJI,DJIBOUTI,2006,MICS,Ministère de la Santé et PAPFAM.,"Enquête djiboutienne à indicateurs multiples (EDIM): Rapport final. MICS. Djibouti: Ministère de la Santé et PAPFAM, 2007.",02950,198,x,x,x,x,x
DJI,DJIBOUTI,2012,PAPFAM,Ministère de la Santé et PAPFAM.,Deuxieme Enquete Djiboutienne sur la Sante de la Famille EDSF PAPFAM 2012,03126,199,x,x,x,x,x
ECU,ECUADOR,2018-2019,Other,"Ministry of Public Health (Ecuador), National Institute of Statistics and Censuses (Ecuador)","Encuesta Nacional de Salud y Nutrición Ecuador, (ENSANUT-ECU) 2018",03464,3983,x,x,x,x,x
EGY,EGYPT,2000,DHS,El-Zanaty F and Way A.,"Egypt demographic and health survey 2000. Demographic and Health Surveys. Calverton, Maryland, USA: Ministry of Health and Population [Egypt], National Population Council and ORC Macro, 2001",02221,218,x,x,x,,x
EGY,EGYPT,2015,SDHS,"Ministry of Health and Population [Egypt], El-Zanaty and Associates [Egypt], and ICF International","Egypt Health Issues Survey 2015. Cairo, Egypt and Rockville, Maryland, USA: Ministry of Health and Population and ICF International.",03637,930,x,x,x,x,x
SWZ,ESWATINI,2022,Surveillance,Ministry of Health,Eswatini Health Management Information System [2022 Extract],11319,9276,x,x,x,x,x
ETH,ETHIOPIA,1995-1996,Other,Central Statistical Authority,"Welfare Monitoring Survey, Ethiopia 1995-1996",03638,4303,x,x,x,x,x
ETH,ETHIOPIA,2000,Other,Central Statistical Agency (CSA) - Ministry of Finance and Economic Development,Ethiopia Welfare Monitoring Survey 2000-2001,03639,1309,x,x,x,x,x
ETH,ETHIOPIA,2013-2014,LSMS,"Central Statistical Agency (Ethiopia), World Bank","Ethiopia Living Standards Measurement Study - Integrated Survey on Agriculture 2013-2014. Washington DC, United States: World Bank, 2015.",03640,1305,x,x,x,x,x
ETH,ETHIOPIA,2015-2016,Other,Central Statistical Agency (Ethiopia),The Federal Democratic Republic of Ethiopia Welfare Monitoring Survey 2016,03642,4302,x,x,x,x,x
ETH,ETHIOPIA,2015-2016,LSMS,Central Statistical Authority (CSA) - Ministry of Finance and Economic Development,"Ethiopia Socioeconomic Survey 2015-2016, Wave 3",03641,1304,x,x,x,x,x
ETH,ETHIOPIA,2018-2019,LSMS,Central Statistics Agency of Ethiopia,"Ethiopia Socioeconomic Survey 2018-2019, Wave 4",04822,4470,x,x,x,x,x
ETH,ETHIOPIA,2021-2022,LSMS,Ethiopian Statistical Service,"Ethiopia Socioeconomic Panel Survey, Wave 5 (ESPS-5) 2021-2022. ",10515,9167,x,x,x,x,x
FJI,FIJI,2008,Other,National Food and Nutrition Centre,2008 Micronutrient Status of Children 6 months to <5 years in Fiji Report,03643,837,x,x,x,x,x
FIN,FINLAND,2010,Surveillance,THL (Finnish Institute for Health and Welfare),"Terveystarkastukset lastenneuvolassa & kouluterveydenhuollossa, 2010 ",04852,4539,x,x,x,x,x
FIN,FINLAND,2011,Surveillance,THL (Finnish Institute for Health and Welfare),"Terveystarkastukset lastenneuvolassa & kouluterveydenhuollossa, 2011",04853,4540,x,x,x,x,x
FIN,FINLAND,2012,Surveillance,THL (Finnish Institute for Health and Welfare),"Terveystarkastukset lastenneuvolassa & kouluterveydenhuollossa, 2012",04854,4541,x,x,x,x,x
FRA,FRANCE,2012,Other,Benoît Salanave; Catherine de Launay; Julie Boudet-Berquier; Katia Castetbon,Épidémiologie en France de l’alimentation et de l’état nutritionnel des enfants pendant leur première année de vie  (EPIFANE 2012-2013),04871,847,x,x,x,x,x
GMB,GAMBIA,2003-2004,Other,"Gambia Bureau of Statistics (GBOS), World Bank Capacity Building for Economic Management Project (CBEMP).","Gambia Integrated Household Survey 2003-2004. Banjul, Gambia: Gambia Bureau of Statistics (GBOS).",04908,1293,x,x,x,x,x
GHA,GHANA,2003,CWIQ,Ghana statistical service - Office of the President,Ghana Core Welfare Indicators Questionnaire Survey - 2003,04970,1286,x,x,x,x,x
GHA,GHANA,2009-2010,LSMS,"Institute of Statistical, Social and Economic Research, Economic Growth Center",Ghana 2009-10 Socioeconomic Panel Survey: Report on the Baseline Survey,04979,909,x,x,x,x,x
GHA,GHANA,2017,Other,"University of Ghana, GroundWork, University of Wisconsin-Madison, KEMRI-Wellcome Trust, UNICEF","Ghana Micronutrient Survey 2017. Accra, Ghana; 2017",03644,1755,x,x,x,x,x
GRC,GREECE,2009-2010,Other,"Hassapidou M, Daskalou E, Tsofliou F, Tziomalos K, Paschaleri A, Pagkalos I, Tzotzas ",Prevalence of obesity in preschool children in northern Greece. International Journal of Pediatric Obesity 2010;5:57,03013,9277,x,x,x,x,x
GRC,GREECE,2012,Other,"De Miguel-Etayo P, Mesana MI, Cardon G, De Bourdeaudhuij I, Góźdź M, Socha P, Lateva M, Iotova V, Koletzko BV, Duvinage K, Androutsos O, Manios Y, Moreno LA; ToyBox-study group. ",Reliability of anthropometric measurements in European preschool children: the ToyBox-study. Obes Rev. 2014 Aug;15 Suppl 3:67-73. doi: 10.1111/obr.12181. PMID: 25047381.,03623,9277,x,x,x,x,x
GNB,GUINEA-BISSAU,2006,MICS,Ministère de l`Economie - Secrétariat d`Etat du Plan et à l`Intégration Régionale.,"Enquête par grappes à indicateurs multiples, Guinée-Bissau, 2006, Rapport final. Bissau, Guinée-Bissau : Ministère de l`Economie - Secrétariat d`Etat du Plan et à l`Intégration Régionale, 2006",02884,278,x,x,x,x,x
HUN,HUNGARY,2010,Other,"Joubert, Kálmán – Gyenis, Gyula","The Hungarian Longitudinal Growth Study: From birth to the age of 18 years. Working Papers on Population, Family and Welfare, No. 23, Hungarian Demographic Research Institute, Budapest.",09785,9279,x,x,x,x,x
HUN,HUNGARY,2015,Surveillance,"National Public Health Center, Hungary",Hungary 2015 Regional Midwife Data,09786,8942,x,x,x,x,x
HUN,HUNGARY,2016,Surveillance,"National Public Health Center, Hungary",Hungary 2016 Regional Midwife Data,09787,8943,x,x,x,x,x
HUN,HUNGARY,2017,Surveillance,"National Public Health Center, Hungary",Hungary 2017 Regional Midwife Data,09788,8944,x,x,x,x,x
HUN,HUNGARY,2018,Surveillance,"National Public Health Center, Hungary",Hungary 2018 Regional Midwife Data,09789,8945,x,x,x,x,x
HUN,HUNGARY,2019,Surveillance,"National Public Health Center, Hungary",Hungary 2019 Regional Midwife Data,09790,8946,x,x,x,x,x
HUN,HUNGARY,2019,EHIS,Hungary Central Statistics Office,"Hungary European Health Interview Survey, Wave 3",03645,4499,x,x,x,x,x
HUN,HUNGARY,2020,Surveillance,"National Public Health Center, Hungary",Hungary 2020 Regional Midwife Data,11320,9280,x,x,x,x,x
HUN,HUNGARY,2021,Surveillance,"National Public Health Center, Hungary",Hungary 2021 Regional Midwife Data,11321,9281,x,x,x,x,x
IND,INDIA,2004-2005,Other,"Desai, Sonalde, University of Maryland; Vanneman, Reeve, University of Maryland; National Council of Applied Economic Research, New Delhi",India Human Development Survey (IHDS) 2004/05,05111,1055,x,x,x,x,x
IND,INDIA,2011-2013,Other,"Desai, Sonalde, University of Maryland, and National Council of Applied Economic Research; Vanneman, Reeve, University of Maryland","India Human Development Survey-II (IHDS-II), 2011-12 (ICPSR 36151)",03646,1056,x,x,x,x,x
IND,INDIA,2012-2014,Other,International Institute for Population Sciences (India),"India District Level Household Survey 2012-2014. New Delhi, India: Ministry of Health and Family Welfare (India)",05118,3486,x,x,x,x,x
IRN,IRAN (ISLAMIC REPUBLIC OF),2015,DHS-Style,National Institite of Health Research (NIHR).,Iran 2015 Multiple Indicator Demographic and Health Survey,09408,6867,x,x,x,x,x
IRQ,IRAQ,2012-2013,LSMS,Central Organization for Statistics and Information Technology,Iraq 2012-2013 Household Socio-Economic Survey,03647,1258,x,x,x,x,x
ISR,ISRAEL,2014,Surveillance,Ministry of Health,"Data from Mother and Child Health Centers, Israel [2014 Extract]",11322,9282,x,x,x,x,x
ISR,ISRAEL,2015,Surveillance,Ministry of Health,"Data from Mother and Child Health Centers, Israel [2015 Extract]",11323,9283,x,x,x,x,x
ISR,ISRAEL,2016,Surveillance,Ministry of Health,"Data from Mother and Child Health Centers, Israel [2016 Extract]",11324,9284,x,x,x,x,x
ISR,ISRAEL,2017,Surveillance,Ministry of Health,"Data from Mother and Child Health Centers, Israel [2017 Extract]",11325,9285,x,x,x,x,x
ISR,ISRAEL,2018,Surveillance,Ministry of Health,"Data from Mother and Child Health Centers, Israel [2018 Extract]",11326,9286,x,x,x,x,x
ISR,ISRAEL,2019,Surveillance,Ministry of Health,"Data from Mother and Child Health Centers, Israel [2019 Extract]",11327,9287,x,x,x,x,x
ISR,ISRAEL,2020,Surveillance,Ministry of Health,"Data from Mother and Child Health Centers, Israel [2020 Extract]",11328,9288,x,x,x,x,x
ISR,ISRAEL,2021,Surveillance,Ministry of Health,"Data from Mother and Child Health Centers, Israel [2021 Extract]",11329,9289,x,x,x,x,x
ISR,ISRAEL,2022,Surveillance,Ministry of Health,"Data from Mother and Child Health Centers, Israel [2022 Extract]",11330,9290,x,x,x,x,x
JPN,JAPAN,2003,Other,"Ministry of Health, Labour and Welfare (Japan)",Japan National Health and Nutrition Survey 2003,03648,1861,x,x,x,x,x
JPN,JAPAN,2004,Other,"Ministry of Health, Labour and Welfare (Japan)",Japan National Health and Nutrition Survey 2004,03649,3841,x,x,x,x,x
JPN,JAPAN,2005,Other,"Ministry of Health, Labour and Welfare (Japan)",Japan National Health and Nutrition Survey 2005,03650,3842,x,x,x,x,x
JPN,JAPAN,2006,Other,"Ministry of Health, Labour and Welfare (Japan)",Japan National Health and Nutrition Survey 2006,03651,3843,x,x,x,x,x
JPN,JAPAN,2007,Other,"Ministry of Health, Labour and Welfare (Japan)",Japan National Health and Nutrition Survey 2007,03652,1374,x,x,x,x,x
JPN,JAPAN,2008,Other,"Ministry of Health, Labour and Welfare (Japan)",Japan National Health and Nutrition Survey 2008,03653,3844,x,x,x,x,x
JPN,JAPAN,2009,Other,"Ministry of Health, Labour and Welfare (Japan)",Japan National Health and Nutrition Survey 2009,03654,3845,x,x,x,x,x
JPN,JAPAN,2010,Other,"Ministry of Health, Labour and Welfare (Japan)",Japan National Health and Nutrition Survey 2010,03655,1373,x,x,x,x,x
JPN,JAPAN,2011,Other,"Ministry of Health, Labour and Welfare (Japan)",Japan National Health and Nutrition Survey 2011,03656,1372,x,x,x,x,x
JPN,JAPAN,2012,Other,"Ministry of Health, Labour and Welfare (Japan), National Institute of Health and Nutrition (Japan)",Japan National Health and Nutrition Survey 2012,03657,1370,x,x,x,x,x
JPN,JAPAN,2013-2015,Other,"Ministry of Health, Labour and Welfare (Japan)",Japan National Health and Nutrition Survey 2013-2015 combined,11259,9299,x,x,x,x,x
JPN,JAPAN,2016,Other,"Ministry of Health, Labour and Welfare (Japan)",Japan National Health and Nutrition Survey 2016,03661,3847,x,x,x,x,x
JPN,JAPAN,2017-2019,Other,"Ministry of Health, Labour and Welfare (Japan)",Japan National Health and Nutrition Survey 2017-2019 combined,11260,9300,x,x,x,x,x
JOR,JORDAN,2007,DHS,Department of Statistics/Jordan and Macro International,"Jordan Population and Family Health Survey 2007. Calverton, Maryland, USA: Department of Statistics/Jordan and Macro International.",02908,1251,x,x,x,x,x
JOR,JORDAN,2017-2018,DHS,Department of Statistics (DOS) and ICF,"Jordan Population and Family and Health Survey  2017-18. Amman, Jordan, and Rockville, Maryland, USA: DOS and ICF",03664,2280,x,x,x,x,x
KGZ,KYRGYZSTAN,1993,LSMS,National Statistical Committee,Kyrgyz 1993 Republic Multipurpose Poverty Survey,05446,1231,,,,x,x
LAO,LAO PEOPLE'S DEMOCRATIC REPUBLIC,2016-2017,Other,Lao Tropical and Public Health Institute,National Food Consumption Survey Lao PDR 2016-2017,05468,3077,x,x,x,x,x
LBN,LEBANON,1996,PAPFAM,League of Arab States. Pan Arab Project for Child Development; Lebanon. Ministry of Public Health,"Lebanon maternal and child health survey (summary report). PAPCHILD Surveys. Cairo: The League of Arab States, 1998",01660,398,x,x,x,x,x
LBN,LEBANON,2004,PAPFAM,The Arab League and the Repubic of Lebanon.,"Lebanon family health survey 2004: Principal report. Tutelian M, Khayyat M , Monem AA, eds. The Pan Arab Project for Family Health, 2006",02913,399,,,x,,
LSO,LESOTHO,2000,MICS,"Government of Lesotho, Bureau of Statistics and UNICEF.","Kingdom of Lesotho 2000 end decade multiple indicator cluster survey (EMICS). Maseru, Lesotho: Government of Lesotho, Bureau of Statistics and UNICEF, 2002",02366,402,x,x,x,x,x
LSO,LESOTHO,2002,CWIQ,Government of Lesotho(MoFDP); World Bank; East African Statistical Training Centre,"Core Welfare Indicator Questionnaire Survey, Lesotho 2002",03665,1215,x,x,x,x,x
LBR,LIBERIA,2011,Other,UNICEF,Liberia National Micronutrient Survey 2011,00849,1206,x,x,x,x,x
LTU,LITHUANIA,2022,Surveillance,Institute of Hygiene,Lithuania Child Health Monitoring Information System 2022,10208,9135,x,x,x,,x
LTU,LITHUANIA,2023,Surveillance,Institute of Hygiene,Lithuania Child Health Monitoring Information System 2023,11444,9205,x,x,x,,x
MDG,MADAGASCAR,2010,CFSVA,UNICEF; WFP,"Comprehensive Food and Nutrition Security and Vulnerability Analysis, Madagascar 2010",03666,1570,x,x,x,x,x
MWI,MALAWI,2010-2011,LSMS,National Statistics Office (NSO) ,Malawi 2010-11 Integrated Household Panel Survey,03667,1199,x,x,x,x,x
MWI,MALAWI,2013,LSMS,National Statistics Office (NSO),"Malawi Third Integrated Household Panel Survey, 2013",03668,1198,x,x,x,x,x
MWI,MALAWI,2016-2017,LSMS,"National Statistical Office (NSO), Ministry of Economic Planning and Development (MoEPD), Malawi",Malawi Fourth Integrated Household Survey 2016-2017,03669,1678,x,x,x,x,x
MYS,MALAYSIA,2011,Other,Institute for Public Health,Malaysia National Health and Morbidity Survey 2011,03670,839,x,x,x,x,x
MLI,MALI,2012,SMART,INSTAT Mali; Direction Nationale de la Sante,"Enquête Nutritionnelle Anthropométrique et de Mortalité Rétrospective, Mali 2012",03671,1616,x,x,x,x,x
MLI,MALI,2012-2013,DHS,"Cellule de Planification et de Statistiques (CPS/SSDSPF), Institut National de la Statistique (INSTAT), Centre d’Études et d’Information Statistiques (INFO-STAT), ICF International","Enquête Démographique et de Santé au Mali 2012-2013. Rockville, Maryland, USA: CPS, INSTAT, INFO-STAT and ICF International.",05645,840,x,x,x,x,x
MLI,MALI,2013,SMART,INSTAT Mali; Direction Nationale de la Sante,"Enquête Nutritionnelle Anthropométrique et de Mortalité Rétrospective, Mali 2013",03672,1617,x,x,x,x,x
MLI,MALI,2023,SMART,Institut National de la Statistique,"Enquête Nutritionnelle Anthropometrique et de Mortalite Retrospective 13e Edition, Mali 2023",03237,9137,x,x,x,x,x
MRT,MAURITANIA,1990,PAPFAM,Ministry of Planning.,"Mauritania maternal and child health survey 1990-91 (MMCHS). PAPCHILD Surveys. Nouakchott, Islamic Republic of Mauritania; 1992",00444,446,x,x,x,x,x
MNG,MONGOLIA,1997,Other,"Public Health Institute, Ministry of Health (Mongolia)","Mongolia nutrition research centre survey 1997. Ulaanbaatar, Mongolia, 1999",01910,9291,x,x,x,x,x
MOZ,MOZAMBIQUE,2008-2009,Other,Instituto Nacional de Estatística,"Inquérito sobre Orçamento Familiar, 2008/09 – Quadros Básicos",03673,2484,x,x,x,x,x
MOZ,MOZAMBIQUE,2013-2014,Other,Secretariado Técnico de Segurança Alimentar e Nutricional,Relatório de Estudo de Base de Base de Segurança Alimentar e Nutricional em 2013 em Moçambique,03674,810,x,x,x,x,x
NAM,NAMIBIA,2009-2010,Other,Namibia Statistics Agency,Namibia Household Income and Expenditure Survey 2009/2010,03675,827,x,x,x,x,x
NAM,NAMIBIA,2015-2016,Other,Namibia Statistics Agency,Namibia 2015-2016 Household Income and Expenditure Survey,03676,2505,x,x,x,x,x
NPL,NEPAL,2016,Other,"Thomas Walker, Hanan Jacoby, Social Protection and Jobs Global Practice (World Bank)","Household Risk and Vulnerability Survey, Nepal 2016",05990,3530,x,x,x,x,x
NPL,NEPAL,2017,Other,"Thomas Walker, Hanan Jacoby, Social Protection and Jobs Global Practice (World Bank)",Nepal Household Risk and Vulnerability Survey (HRVS) 2017,09919,9292,x,x,x,x,x
NLD,NETHERLANDS (KINGDOM OF THE),1978-1980,Other,"TNO Child Health, Leiden, The Netherlands; VU University Medical Center Amsterdam, EMGO Institute of Health Care Research, Amsterdam, The Netherlands; TNO Life Style, Leiden, The Netherlands; Leiden University Medical Center, Department of Pediatrics, Lei",Netherlands Third Growth Study,03678,4325,x,x,x,x,x
NER,NIGER,2005,CWIQ,Institut National de la Statistique (INS),"Enquête Nationale sur les Conditions de Vie des Ménages, Niger 2005",03679,1410,x,x,x,x,x
NER,NIGER,2017,DHS,Institut National de la Statistique,Enquête Démographique et de Santé du Niger EDSN-V 2017,03680,2015,x,x,x,x,x
NGA,NIGERIA,1999,MICS,"National Bureau of Statistics (Nigeria), United Nations Children's Fund (UNICEF)","Nigeria Multiple Indicator Cluster Survey 1999. Abuja, Nigeria: National Bureau of Statistics (Nigeria)",03681,1157,x,x,x,x,x
NGA,NIGERIA,1999,DHS,National Population Commission - NPC/Nigeria.,"Nigeria Demographic and Health Survey 1999. Calverton, Maryland: NPC/Nigeria and ORC/Macro 2000",06044,1764,x,x,x,x,x
NGA,NIGERIA,2007,MICS,National Bureau of Statistics (NBS).,"Nigeria multiple indicator cluster survey 2007: Final report (MICS). Abuja, Nigeria: NBS, 2007",03037,515,x,x,x,x,x
NGA,NIGERIA,2008,DHS,National Population Commission (NPC) [Nigeria] and ICF Macro.,"Nigeria demographic and health survey 2008. Demographic and Health Surveys. Abuja, Nigeria: National Population Commission and ICF Macro, 2009",02964,516,x,x,x,x,x
NGA,NIGERIA,2011,LSMS,"National Bureau of Statistics (Nigeria), Minnesota Population Center","Nigeria 2010-11 General Household Survey, Wave 1 - Post Harvest",03682,934,x,x,x,x,x
NGA,NIGERIA,2013,LSMS,National Bureau of Statistics,"Nigeria 2012-13 General Household Survey, Wave 2 - Post-Harvest",03683,841,x,x,x,x,x
NGA,NIGERIA,2013,DHS,National Population Commission (NPC) [Nigeria] and ICF International.,"Nigeria demographic and health survey 2013. Demographic and Health Surveys. Abuja, Nigeria, and Rockville, Maryland, USA: NPC and ICF International, 2014",03204,518,x,x,x,x,x
NGA,NIGERIA,2016,LSMS,"National Bureau of Statistics (Nigeria), Minnesota Population Center",Nigeria 2015-16 General Household Survey Wave 3 - Post-Harvest,03684,935,x,x,x,x,x
NGA,NIGERIA,2019,LSMS,National Bureau of Statistics (NBS),"Nigeria General Household Survey, Panel 2018-2019, Wave 4- Post-Harvest",03685,3743,x,x,x,x,x
NGA,NIGERIA,2021-2022,Other,National Bureau of Statistics (NBS) - Federal Government of Nigeria (FGN),"Nigeria Multidimensional Poverty Index Survey 2021, First round",10064,9085,x,x,x,x,x
MKD,NORTH MACEDONIA,2004,Other,"Dimitrovska Z, Kendrovski V, Spiroski I, Gudeva-Nikovska D, Aleksoski B.",Nutritional status and early detection of health risk determinants in childhood. Makedon Med Pregl Suppl. 2006; 60(68): 119,02756,4274,x,x,x,x,x
MKD,NORTH MACEDONIA,2010,NNS,"Institute of Public Health (Macedonia), UNICEF Macedonia","Macedonia national nutrition survey 2011 among women of reproductive age and children 6-59 months of age. Skopje, The former Yugoslave Republic of Macedonia, 2012",03138,1470,x,x,x,x,x
PAK,PAKISTAN,2018-2019,NNS,"Nutrition Wing, Ministry of National Health Services, Regulations and Coordination, Government of Pakistan; UNICEF Pakistan",Pakistan 2018 National Nutrition Survey,03686,2103,x,x,x,x,x
PNG,PAPUA NEW GUINEA,2016-2018,DHS,National Statistical Office -NSO/Papua New Guinea and ICF,"Papua New Guinea Demographic and Health Survey 2016-18. Port Moresby, Papua New Guinea, and Rockville, Maryland, USA: NSO and ICF. 2019",03687,1890,x,x,x,x,x
PRY,PARAGUAY,1997-1998,Other,"La Dirección General de Estadística, Encuestas y Censos (DGEEC)","Paraguay Integrated Household Survey 1997-1998 (Encuesta Integrada de Hogares). Asunción, Paraguay: Department of Statistics, Surveys and Censuses (Paraguay).",03544,1591,,,,x,x
PER,PERU,2006,Other,"Executive Directorate of Food and Nutritional Surveillance (DEVAN) (Peru), Ministry of Health (Peru), National Center for Food and Nutrition, National Institute of Health (Peru), National Institute of Health (Peru), National Institute of Statistics",Monitoreo de Indicadores Nutricionales en la Encuesta Nacional de Hogares 2006,06268,4342,x,x,x,x,x
PER,PERU,2007-2008,Other,"Executive Directorate of Food and Nutritional Surveillance (DEVAN) (Peru), Ministry of Health (Peru), National Center for Food and Nutrition, National Institute of Health (Peru), National Institute of Health (Peru), National Institute of Statistics and In",Monitoreo de Indicadores Nutricionales en la Encuesta Nacional de Hogares 2007 y 2008,06269,4308,x,x,x,x,x
POL,POLAND,2016,NNS,Fundację NUTRICIA,Kompleksowa Ocena Sposobu Żywienia Dzieci W Wieku Od 5 Do 36 Miesiąca Życia – Badanie Ogólnopolskie 2016 Rok,07323,4758,x,x,x,x,x
KOR,REPUBLIC OF KOREA,2007-2009,NHANES,Korea Centers for Disease Control and Prevention (KCDC),South Korea National Health and Nutrition Examination Survey 2007-2009,09398,6857,,,,x,x
ROU,ROMANIA,2006-2011,Other,"Cinteza E, Balgradean M, Mihai Gafencu","Pooled Analysis of Cinteza E, Balgradean M: Hypertension in Romanian children and adolescents: a cross-sectional survey. Maedica (Buc) 2013; 8: 5–10 and Gafencu [Unpublished]",08746,6197,x,x,x,x,x
RUS,RUSSIAN FEDERATION,1994-1995,Other,"National Research University Higher School of Economics, ZAO Demoscope, Carolina Population Center, Univeristy of North Carolina at Chapel Hill, Institute of Sociology, Russian Academy of Sciences.",Russia Longitudinal Monitoring Survey (RLMS-HSE) Round V 1994,06370,4590,x,x,x,,
RUS,RUSSIAN FEDERATION,2006,Other,"National Research University Higher School of Economics, ZAO Demoscope, Carolina Population Center, Univeristy of North Carolina at Chapel Hill, Institute of Sociology, Russian Academy of Sciences.",Russia Longitudinal Monitoring Survey (RLMS-HSE) Round XV 2006,06385,4601,x,x,x,x,x
RUS,RUSSIAN FEDERATION,2007,Other,"National Research University Higher School of Economics, ZAO Demoscope, Carolina Population Center, Univeristy of North Carolina at Chapel Hill, Institute of Sociology, Russian Academy of Sciences.",Russia Longitudinal Monitoring Survey (RLMS-HSE) Round XVI 2007,06386,4602,x,x,x,x,x
RUS,RUSSIAN FEDERATION,2008,Other,"National Research University Higher School of Economics, ZAO Demoscope, Carolina Population Center, Univeristy of North Carolina at Chapel Hill, Institute of Sociology, Russian Academy of Sciences.","Russia Longitudinal Monitoring Survey (RLMS-HSE), Round XVII 2008. National Research University Higher School of Economics, ZAO Demoscope, Carolina Population Center, Univeristy of North Carolina at Chapel Hill, Institute of Sociology, Russian Academy of",06387,4607,x,x,x,x,x
RUS,RUSSIAN FEDERATION,2009,Other,"National Research University Higher School of Economics, ZAO Demoscope, Carolina Population Center, Univeristy of North Carolina at Chapel Hill, Institute of Sociology, Russian Academy of Sciences.","Russia Longitudinal Monitoring Survey (RLMS-HSE), Round XVIII 2009. National Research University Higher School of Economics, ZAO Demoscope, Carolina Population Center, Univeristy of North Carolina at Chapel Hill, Institute of Sociology, Russian Academy of",06388,4608,x,x,x,x,x
RUS,RUSSIAN FEDERATION,2010-2011,Other,"National Research University Higher School of Economics, ZAO Demoscope, Carolina Population Center, Univeristy of North Carolina at Chapel Hill, Institute of Sociology, Russian Academy","Russia Longitudinal Monitoring Survey (RLMS-HSE), Round XIX 2010-2011. National Research University Higher School of Economics, ZAO Demoscope, Carolina Population Center, Univeristy of North Carolina at Chapel Hill, Institute of Sociology, Russian Academy",06389,4609,x,x,x,x,x
RUS,RUSSIAN FEDERATION,2011-2012,Other,"National Research University Higher School of Economics, ZAO Demoscope, Carolina Population Center, Univeristy of North Carolina at Chapel Hill, Institute of Sociology, Russian Academy of Sciences.","Russia Longitudinal Monitoring Survey (RLMS-HSE), Round XX 2011-2012. National Research University Higher School of Economics, ZAO Demoscope, Carolina Population Center, Univeristy of North Carolina at Chapel Hill, Institute of Sociology, Russian Academy",06391,4610,x,x,x,x,x
RUS,RUSSIAN FEDERATION,2012-2013,Other,"National Research University Higher School of Economics, ZAO Demoscope, Carolina Population Center, Univeristy of North Carolina at Chapel Hill, Institute of Sociology, Russian Academy of Sciences","Russia Longitudinal Monitoring Survey (RLMS-HSE), Round XXI 2012-2013. National Research University Higher School of Economics, ZAO Demoscope, Carolina Population Center, Univeristy of North Carolina at Chapel Hill, Institute of Sociology, Russian Academy",06392,4611,x,x,x,x,x
RUS,RUSSIAN FEDERATION,2013-2014,Other,"National Research University Higher School of Economics, ZAO Demoscope, Carolina Population Center, Univeristy of North Carolina at Chapel Hill, Institute of Sociology, Russian Academy of Sciences.","Russia Longitudinal Monitoring Survey (RLMS-HSE), Round XXII 2013-2014.",06393,4612,x,x,x,x,x
RUS,RUSSIAN FEDERATION,2014-2015,Other,"National Research University Higher School of Economics, ZAO Demoscope, Carolina Population Center, Univeristy of North Carolina at Chapel Hill, Institute of Sociology, Russian Academy of Sciences.","Russia Longitudinal Monitoring Survey (RLMS-HSE), Round XXIII 2014-2015. National Research University Higher School of Economics, ZAO Demoscope, Carolina Population Center, Univeristy of North Carolina at Chapel Hill, Institute of Sociology, Russian Acade",06394,4613,x,x,x,x,x
RUS,RUSSIAN FEDERATION,2016,Other,"National Research University Higher School of Economics, ZAO Demoscope, Carolina Population Center, Univeristy of North Carolina at Chapel Hill, Institute of Sociology, Russian Academy of Sciences.",Russia Longitudinal Monitoring Survey (RLMS-HSE) Round XXV 2016,06395,2031,x,x,x,x,x
RUS,RUSSIAN FEDERATION,2017,Other,"National Research University Higher School of Economics, ZAO Demoscope, Carolina Population Center, Univeristy of North Carolina at Chapel Hill, Institute of Sociology, Russian Academy of Sciences.",Russia Longitudinal Monitoring Survey (RLMS-HSE) Round XXVI 2017,06396,4045,x,x,x,x,x
RUS,RUSSIAN FEDERATION,2018,Other,"National Research University Higher School of Economics, ZAO Demoscope, Carolina Population Center, Univeristy of North Carolina at Chapel Hill, Institute of Sociology, Russian Academy of Sciences.",Russia Longitudinal Monitoring Survey (RLMS-HSE) Round XXVII 2018,06397,4614,x,x,x,x,x
RUS,RUSSIAN FEDERATION,2018,NNS,Federal State Statistics Service (Rosstat),"Population Diet Survey, Russian Federation 2018",11404,9301,x,x,x,x,x
RUS,RUSSIAN FEDERATION,2019,Other,"National Research University Higher School of Economics, ZAO Demoscope, Carolina Population Center, Univeristy of North Carolina at Chapel Hill, Institute of Sociology, Russian Academy of Sciences.",Russia Longitudinal Monitoring Survey (RLMS-HSE) Round XXVIII 2019,06398,4615,x,x,x,x,x
RUS,RUSSIAN FEDERATION,2023,NNS,ROSSTAT,"Population Diet Survey, Russian Federation 2023",11403,9302,x,x,x,x,x
RWA,RWANDA,2000,MICS,Ministere des Finances et de la Planafication Economique Direction de la Statistique,"Enquete a Indicateur Multiple, MICS2, Rwanda",03075,859,x,x,x,x,x
RWA,RWANDA,2006,CFSVA,National Institute of Statistics - Government of Rwanda; World Food Programme - United Nation,Rwanda Comprehensive Food Security and Vulnerability Analysis 2006,06419,1747,x,x,x,x,x
STP,SAO TOME AND PRINCIPE,2000,MICS,UNICEF.,"Enquête de grappes à indicateurs multiples MICS - rapport d'analyse (projet, 14 juillet 2000). Sao Tome, République Démocratique de Sao Tome et Principe, 2000.",02394,580,x,x,x,x,x
STP,SAO TOME AND PRINCIPE,2008-2009,DHS,Institut National de la Statistique (INE) et le Ministre de la Santé.,"Enquête démographique et de santé à Sao Tomé e Príncipe (EDS-STP) 2008-2009. Rapport préliminaire. Sao Tomé: INE et le Ministre de la Santé, 2009",02946,582,x,x,x,x,x
SAU,SAUDI ARABIA,2021,Surveillance,Saudi Arabia Ministry of Health,Saudi Arabia Ministry of Health Primary Healthcare Centers sited nutritional Surveillance Program [2021 Extract],09867,8966,x,x,x,x,x
SEN,SENEGAL,2006-2007,Other,Agence nationale de la Statistique et de la Démographie,"Enquête sur la pauvreté et la structure familiale, Sénégal, 2006 - 2007",09797,9293,x,x,x,x,x
SEN,SENEGAL,2010-2011,Other,Agence nationale de la Statistique et de la Démographie,"Enquête sur la pauvreté et la structure familiale, Sénégal, 2010 - 2011",09798,9129,x,x,x,x,x
SYC,SEYCHELLES,2017,Surveillance,Department of Health of Seychelles,"Technical report on the analysis of the 2017 Seychelles routine nutrition information data: results, challenges and opportunities. Department of Health of Seychelles.Victoria, Seychelles",09710,8884,x,x,x,x,x
SYC,SEYCHELLES,2019,Surveillance,Ministry of Health,Nutrition surveillance report for Seychelles. 2019 Nutrition data. Ministry of health,09711,8885,x,x,x,x,x
SYC,SEYCHELLES,2021,Surveillance,Ministry of Health,Nutrition surveillance report for Seychelles. 2021 Nutrition data. Ministry of health,10053,9020,x,x,x,x,x
SYC,SEYCHELLES,2022,Surveillance,Ministry of Health,Nutrition surveillance report for Seychelles. 2022 Nutrition data. Ministry of health,10405,9179,x,x,x,x,x
SLE,SIERRA LEONE,2003-2004,Other,Statistics Sierra Leone (SSL) - Government of Sierra Leone,Sierra Leone 2003-04 Integrated Household Survey,03688,1098,x,x,x,x,x
SLE,SIERRA LEONE,2007,CWIQ,Statistics Sierra Leone (SSL) - Government of Sierra Leone,Sierra Leone 2007 Core Welfare Indicators Questionnaire Survey,03689,1099,x,x,x,x,x
SLE,SIERRA LEONE,2008,DHS,Statistics Sierra Leone (SSL) and ICF Macro.,"Sierra Leone demographic and health survey 2008. Demographic and Health Surveys. Calverton, Maryland, USA: Statistics Sierra Leone (SSL) and ICF Macro, 2009",02971,605,x,x,x,x,x
SLE,SIERRA LEONE,2010,MICS,Statistics Sierra Leone and UNICEF-Sierra Leone.,"Sierra Leone multiple indicator cluster survey 2010, Final report (MICS). Freetown, Sierra Leone: Statistics Sierra Leone and UNICEF-Sierra Leone, 2011",03134,606,x,x,x,x,x
SLE,SIERRA LEONE,2013,DHS,Statistics Sierra Leone (SSL) and ICF International.,"Sierra Leone demographic and health survey 2013. Demographic and Health Surveys. Freetown, Sierra Leone and Rockville, Maryland, USA: SSL and ICF International, 2014",03234,607,x,x,x,x,x
SLE,SIERRA LEONE,2018,Other,Statistics Sierra Leone (Stats SL),Sierra Leone Integrated Household Survey (SLIHS) 2018,06567,3687,x,x,x,x,x
SVN,SLOVENIA,2017-2018,Other,National Institute of Public Health of the Republic of Slovenia,Slovenia Third National Dietary Survey,06585,3718,x,x,x,x,x
SOM,SOMALIA,2014-2015,Other,Food Security and Nutrition Analysis Unit - Somalia,Somalia Nutrition Analysis Post Deyr 2014/15,03690,842,x,x,x,x,x
SOM,SOMALIA,2018-2019,Other,"Ministry of Health FGS, FMS, Somaliland, UNICEF, Brandpro, GroundWork","Somalia Micronutrient Survey 2019. Mogadishu, Somalia; 2020",03691,3525,x,x,x,x,x
ZAF,SOUTH AFRICA,1993-1994,LSMS,South Africa Labour Development Research Unit.,"South Africans rich and poor: baseline household statistics. Project for statistics on living standards and development. Cape Town, 1994",01502,614,x,x,x,x,x
ZAF,SOUTH AFRICA,2003,Other,Smuts CM; Faber M; Schoeman SE; Laubscher JA; Oelofse A; Benadé AJS; Dhansay MA,Socio-demographic profiles and anthropometric status of 0- to 71-month-old children and their caregivers in rural districts of the Eastern Cape and KwaZulu-Natal provinces of South Africa. South African Journal of Clinical Nutrition 2008;21:117-26.,02907,9294,x,x,x,x,x
ZAF,SOUTH AFRICA,2003-2004,DHS,"Department of Health, Medical Research Council, OrcMacro.","South Africa demographic and health survey 2003 (SADHS). Demographic and Health Surveys. Pretoria: Department of Health, 2007",03106,617,x,x,x,x,x
ZAF,SOUTH AFRICA,2010-2011,Other,South Africa Labour and Development Research Unit - University of Cape Town,South Africa 2010-11 National Income Dynamics Study,03692,905,x,x,x,x,x
ZAF,SOUTH AFRICA,2012,Other,"Southern Africa Labour Development Research Unit (SALDRU), University of Cape Town",South Africa 2012 National Income Dynamics Study Wave 3,03352,902,x,x,x,x,x
ZAF,SOUTH AFRICA,2012,NHANES,"Shisana O, Labadarios D, Rehle T, Simbayi L, Zuma K, Dhansay A, Reddy P, Parker W, Hoosain E, Naidoo P, Hongoro C, Mchiza Z, Steyn NP, Dwane N, Makoae M, Maluleke T, Ramlagan S, Zungu N, Evans MG, Jacobs L, Faber M, & SANHANES-1 Team (2013)",South African National Health and Nutrition Examination Survey (SANHANES-1). Cape Town: HSRC Press,03693,845,x,x,x,x,x
ZAF,SOUTH AFRICA,2021-2022,NNS,"Simelane, T. Mutanga, S.S. Hongoro, C. Parker, W. Mjimba V. Zuma, K. Kajombo, R. Ngidi, M. Masamha, B. Mokhele, T. Managa, R. Ngungu, M. Sinyolo, S. Tshililo, F. Ubisi, N. Skhosana, Ndinda, C. Sithole, M. Muthige, M. Lunga, W. Tshitangano, F. Dukhi, N., F. Sewpaul, R. Mkhongi, A. Marinda, E.",National Food and Nutrition Security Survey: National Report: HSRC: Pretoria.,00292,9296,x,x,x,x,x
SSD,SOUTH SUDAN,1999,MICS,UNICEF,Progress of Regions: Mutliple Indicator Cluster Survey in the Southern Part of Sudan 2000,03694,1082,x,x,x,x,x
SSD,SOUTH SUDAN,2019,NNS,"WFP. FAO. UNICEF, Government of South Sudan and FEWSNET",South Sudan Food Security and Nutrition Monitoring Report - Round 24,03695,3861,x,x,x,x,x
ESP,SPAIN,1987,Other,"Ministry of Health, Social Services and Equality (Spain), National Statistics Institute (Spain).",1987 Encuesta Nacional de Salud de España,03696,1068,x,x,x,x,x
ESP,SPAIN,1993,Other,"Ministry of Health, Social Services and Equality (Spain), National Statistics Institute (Spain)",1993 Encuesta Nacional de Salud de España,03697,1069,x,x,x,x,x
ESP,SPAIN,1995,Other,"Ministry of Health, Social Services and Equality (Spain), National Statistics Institute (Spain)",1995 Encuesta Nacional de Salud de España,03698,1070,x,x,x,x,x
ESP,SPAIN,1997,Other,"Ministry of Health, Social Services and Equality (Spain), National Statistics Institute (Spain)",1997 Encuesta Nacional de Salud de España,03699,1071,x,x,x,x,x
ESP,SPAIN,2001,Other,"Ministry of Health, Social Services and Equality (Spain), National Statistics Institute (Spain)",2001 Encuesta Nacional de Salud de España,03700,1072,x,x,x,x,x
ESP,SPAIN,2003,Other,"Ministry of Health, Social Services and Equality (Spain), National Statistics Institute (Spain)",2003 Encuesta Nacional de Salud de España,03701,1073,x,x,x,x,x
ESP,SPAIN,2006-2007,Other,"Ministry of Health, Social Services and Equality (Spain), National Statistics Institute (Spain)",2006-07 Encuesta Nacional de Salud de España,03702,1074,x,x,x,x,x
ESP,SPAIN,2011-2012,Other,"Ministry of Health, Social Services and Equality (Spain), National Statistics Institute (Spain)",2011-12 Encuesta Nacional de Salud de España,03703,1075,x,x,x,x,x
ESP,SPAIN,2014-2015,Other,"Cadenas-Sanchez C, Intemann T, Labayen I, Peinado AB, Vidal-Conti J, Sanchis-Moysi J, Moliner-Urdiales D, Rodriguez Perez MA, Cañete Garcia-Prieto J, Fernández-Santos JDR, Martinez-Tellez B, Vicente-Rodríguez G, Löf M, Ruiz JR, Ortega FB; PREFIT project g",Physical fitness reference standards for preschool children: The PREFIT project. J Sci Med Sport. 2019 Apr;22(4):430-437. doi: 10.1016/j.jsams.2018.09.227. Epub 2018 Sep 20. PMID: 30316738.,06736,4361,x,x,x,x,x
ESP,SPAIN,2016-2017,Other,"Ministry of Health, Social Services and Equality (Spain), National Statistics Institute (Spain)",2017 Encuesta Nacional de Salud de España,03704,2605,x,x,x,x,x
LKA,SRI LANKA,2010,NNS,"Ministry of Health, Sri Lanka",Sri Lanka 2010 Nutrition Month Survey,03705,4523,x,x,x,x,x
LKA,SRI LANKA,2011,NNS,"Ministry of Health, Sri Lanka",Sri Lanka 2011 Nutrition Month Survey,03706,4524,x,x,x,x,x
LKA,SRI LANKA,2012,NNS,"Ministry of Health, Sri Lanka",Sri Lanka 2012 Nutrition Month Survey,03707,4525,x,x,x,x,x
LKA,SRI LANKA,2013,NNS,"Ministry of Health, Sri Lanka",Sri Lanka 2013 Nutrition Month Survey,03708,4526,x,x,x,x,x
LKA,SRI LANKA,2014,NNS,"Ministry of Health, Sri Lanka",Sri Lanka 2014 Nutrition Month Survey,03709,4527,x,x,x,x,x
LKA,SRI LANKA,2015,NNS,"Ministry of Health, Sri Lanka",Sri Lanka 2015 Nutrition Month Survey,03710,4528,x,x,x,x,x
LKA,SRI LANKA,2016,NNS,"Ministry of Health, Sri Lanka",Sri Lanka 2016 Nutrition Month Survey,03711,4529,x,x,x,x,x
LKA,SRI LANKA,2017,NNS,"Ministry of Health, Sri Lanka",Sri Lanka 2017 Nutrition Month Survey,03712,4530,x,x,x,x,x
LKA,SRI LANKA,2018,NNS,Ministry of Health,Sri Lanka 2018 Nutrition Month Survey,03713,4531,x,x,x,x,x
PSE,STATE OF PALESTINE,2002,Other,"Al Quds University, Johns Hopkins University and Global Marketing Consulting Group (Ramallah).",Rapid nutritional assessment for West Bank and Gaza Strip. Executive summary,02969,767,,x,,x,
PSE,STATE OF PALESTINE,2007,Surveillance,"Nutrition Department, Primary Health Care and Public Health General Directorate, Ministry of Health, State of Palestine",Palestine National Nutrition Surveillance System 2007 Report,03714,3621,x,x,x,x,x
PSE,STATE OF PALESTINE,2012,Surveillance,"Nutrition Department, Primary Health Care and Public Health General Directorate, Ministry of Health, State of Palestine",Palestine National Nutrition Surveillance System 2012 Report,03715,893,x,x,x,x,x
PSE,STATE OF PALESTINE,2013,Other,"Nutrition Department, Primary Health Care and Public Health General Directorate, Ministry of Health, State of Palestine","Palestinian Micronutrient Survey (PMS) 2013, State of Palestine, 2014",03716,894,x,x,x,x,x
,SUDAN (FORMER),1995,Other,Federal Ministry Of Health; National Nutrition. Department & WHO,"Comprehensive nutrition survey. National Nutrition Department. Khartoum, Sudan, 1997",01977,9295,x,x,x,x,x
SUR,SURINAME,2016-2017,Other,Inter-American Development Bank (IDB); Electricity Bureau of Suriname; The Central Bank of Suriname; Sistemass Integrales Ltd.; DataFruit Suriname,Suriname Survey of Living Conditions 2016-17,03717,2546,x,x,x,x,x
SWE,SWEDEN,2007-2008,Other,Leibniz Institute for Prevention Research and Epidemiology – BIPS GmbH,Sweden 2007-2008 Identification and prevention of dietary- and lifestyle-induced health effects in children and infants Survey,06802,4324,x,x,x,x,x
SYR,SYRIAN ARAB REPUBLIC,2019,SMART,"Nutrition Department, Directorate of Primary Health Care","Nutritional status survey according to SMART methodology, Syria April 2019",03624,3938,x,x,x,x,x
TJK,TAJIKISTAN,1994,Other,CARE; CDC,"Rapid food security and nutrition assessment in Tajikistan. Atlanta: Care International and the Centers for Disease Control and Prevention, 1994",06829,3706,x,x,x,x,x
TLS,TIMOR-LESTE,2016,DHS,General Directorate of Statistcs (GDS) and ICF,"Timor-Leste Demographic and Health Survey 2016. Dili, Timor-Leste and Rockville, Maryland, USA: GDS and ICF",03718,1560,x,x,x,x,x
TGO,TOGO,2006,MICS,Direction Generale de la Statistique et de la Comptabilité Nationale and UNICEF.,"Résultats de l'enquête nationale à indicateurs multiples, Togo 2006. Rapport final, aôut 2007",02882,670,x,x,x,,x
TUN,TUNISIA,1973-1975,NNS,Tunisian National Institute of Nutrition and Food Technology,"Preliminary report of the 1973-1975 Tunisian national nutrition survey. Tunis: Tunisian National Institute of Nutrition and Food Technology, 1976",00240,9297,x,x,x,x,x
TUN,TUNISIA,1994-1995,PAPFAM,"National Baord for Family and Population, Republic of Tunisia; PAPFAM",Tunisia 1994-95 Maternal and Child Health Survey,06900,1026,x,x,x,x,x
TUN,TUNISIA,2015,Other,Statististique Tunisie,"Tunisia Nationale sur le Budget, la Consommation et le Niveau de vie des ménages, 2015",06918,2531,x,x,x,x,x
TUN,TUNISIA,2023,MICS,Ministère de l’Economie et de la Planification - Institut National de la Statistique - UNICEF Tunisie,Résultats de l’enquête par grappes à indicateurs multiples (MICS) - Tunisie 2023: La situation de la mère et de l’enfant en Tunisie : Acquis et perspectives,10621,9144,x,x,x,x,x
UKR,UKRAINE,2002,Other,"Academy of Medical Science of Ukraine, Ministry of Health [Ukraine], Komisarenko Endocrinology and Metabolism, and Institute of Occupational","Health under AMS of Ukraine, State Statistics Committee of Ukraine, UNICEF, CDC. Report of the national micronutrient survey Ukraine. C.: Premier Media, 2004",03719,699,x,x,x,x,x
ARE,UNITED ARAB EMIRATES,2017-2018,STEPS NCD Risk Factors Survey,World Health Organization,United Arab Emirates 2017/2018 National Health Survey,03720,2671,x,x,x,x,x
TZA,UNITED REPUBLIC OF TANZANIA,2019-2020,LSMS,World Bank,Tanzania National Panel Survey 2019-2020 - Extended Panel with Sex Disaggregated Data,07089,4588,x,x,x,x,x
URY,URUGUAY,2019,NNS,Ministerio de Salud Pública (MSP),"Encuesta Nacional de Lactancia, Prácticas de Alimentación y Anemia en menores de 24 meses usuarios del Sistema Nacional Integrado de Salud 2020",07134,4556,x,x,x,x,x
VUT,VANUATU,2023,MICS,Vanuatu Bureau of Statistics,"Vanuatu Multiple Indicator Cluster Survey 2023, Survey Findings  Report. Port Vila, Vanuatu: Vanuatu Bureau of Statistics.",11287,9182,x,x,x,x,x
ZMB,ZAMBIA,2004-2005,LSMS,Central Statistics Office Zambia,Zambia 2004-2005 Living Conditions Monitoring Survey,03721,913,x,x,x,x,x
ZMB,ZAMBIA,2006,LSMS,Central Statistics Office Zambia,Zambia 2006 Living Conditions Monitoring Survey,03722,912,x,x,x,x,x
ZMB,ZAMBIA,2010,LSMS,Central Statiscal Office Zambia,Zambia 2010 Living Conditions Monitoring Survey,03723,911,x,x,x,x,x
ZMB,ZAMBIA,2015,LSMS,"Central Statistical Office (Zambia), World Bank",Zambia Living Conditions Monitoring Survey 2015,07266,1710,x,x,x,x,x
ZMB,ZAMBIA,2022,LSMS,"Central Statistical Office (Zambia), World Bank",Zambia Living Conditions Monitoring Survey 2022,11081,9298,x,x,x,x,x
ZWE,ZIMBABWE,2010,NNS,"Food and Nutrition Council, Zimbabwe",Zimbabwe 2010 National Nutrition Survey,07283,821,x,x,x,x,x
